canonico_mes;;2026-03;618859.11;204
canonico_mes;;2026-04;496312.90;166
canonico_mes;;2026-05;488935.44;186
canonico_mes;;2026-06;540905.82;159
canonico_mes;;2026-07;561090.31;189
canonico_mes;;2026-08;521742.37;177
canonico_mes;;2026-09;550569.68;180
congelado;;2026-04;13154.86;15
congelado;;2026-05;234442.1863700000007;104
congelado;;2026-06;529291.5499999999990;154
congelado;;2026-07;553851.5100000000016;189
congelado;;2026-08;520246.93999999999611;177
congelado;;2026-09;546670.67999999994984;179
